name,username,password,security_question,security_question_ans,last_login_attempt,login_attempts
name,user,P@ssw0rd,0,default,2024-05-10 06:46:55.121862,0
George,g3org3For3man,jfii213fjnmz2k,0,loris,None,0
Victor,PCC_WARRIOR,lasdf0fw,0,loris,None,0
Jabba,JABBA_THE_HUT,nftl_sasdofwen,0,ipsum,None,0
Michael,mtys0n,3arc0ll3ct0r,0,ipsum,None,0
Arnold,g3tT0Th3Ch0pp4,mr0lympi4@d,0,loris,None,0
Lebron,TH3K1NG,G0@TofBBALL,0,ipsum,None,0
jwqef,jasdfsadf,$h1lASDFa,3,asdfasd,None,0
John,johnD03,johnnyD03BO1@,1,Georgia,None,0
maryam,maryam,fnkjFre4@93,1,long beach,None,0
LMGS,TheLmgs,wekfjerug13@49G,1,Los Angles,None,0
yes_its_nine_inches\,yes_it's2inches,Smd95234#,1,How long is it,None,0
HC123,HC123456,@Hc12345678,1,13,None,0
AbC12345,AbC12345,@AbC12345,1,123,None,0
